﻿<?xml version="1.0" encoding="utf-8"?>
<!--占位符一个表示数据库实例名，另一个表示分店Id，必须遵循该格式,name值不允许重复-->
<dataExprotOrImport>
	<zipFilePath>ZipFile</zipFilePath>
	<dataFilePath>DatFile</dataFilePath>
	<formatFilePath>FmtFile</formatFilePath>
	<dataBackPath>DataBack</dataBackPath>
	<BaseAddress>http://localhost:36495</BaseAddress>
	<servicePoint>
		<HostTransportData>/DataCenterPort/data/TransportData.svc</HostTransportData>
		<HostUploading>/DataCenterPort/data/InfoUploadingService.svc</HostUploading>
		<HostBalance>/DataCenterPort/data/BalanceService.svc</HostBalance>
	</servicePoint>
	<ReturnCount>2000</ReturnCount>
	<atoms>
		<atom bcpOut="false">
			<item name="dbo.BusinessHours" queryString="SELECT Id,No,BusinessHourName,Spell,BeginTime,EndTime,IsFirstHours FROM dbo.OP_BusinessHours WHERE BrandId= (SELECT Varchar1 from dbo.UCML_Organize WHERE OrgNO='{0}') AND IsStopped=0 AND cast(LastTimeStamp as bigint) BETWEEN {1} AND {2}" synStyle="1" dataStyle="1"/>
			<item name="dbo.Derations" queryString="SELECT Id,No,Description,Spell FROM dbo.OP_Derations WHERE BrandId= (SELECT Varchar1 from dbo.UCML_Organize WHERE OrgNO='{0}')  AND IsStopped=0 AND cast(LastTimeStamp as bigint) BETWEEN {1} AND {2}" synStyle="1" dataStyle="1"/>
			<item name="dbo.PaymentMethods" queryString="SELECT a.Id,No,PaymentMethodName,Spell FROM dbo.OP_PaymentMethods a LEFT JOIN dbo.OP_OrgAndPaymentMethods b ON a.Id=b.PaymentMethodId WHERE a.Id&gt;6  AND (a.IsAllOrgs=1 or b.OrgNo='{0}')  AND IsStopped=0 AND cast(a.LastTimeStamp as bigint) BETWEEN {1} AND {2}" synStyle="1" dataStyle="1"/>
			<item name="dbo.FoodTypes" queryString="SELECT Id,No,FoodTypeName,Spell,FoodTypeNameEng,FoodTypeNameOther,null as DepartmentId,IsServing,EnableAddToSuit FROM dbo.ufn_OP_FoodType_TR('{0}') WHERE  IsExistChild=0 AND IsStopped=0 AND LastTimeStamp BETWEEN {1} AND {2} " synStyle="4" dataStyle="2"/>
			<item name="dbo.ProductionMethods" queryString="SELECT Id,No,ProductionMethodName,Spell,ProcessCharge,Type FROM dbo.ufn_OP_ProductionMethods_TR('{0}') WHERE  IsStopped=0 AND Type =1 AND LastTimeStamp BETWEEN {1} AND {2}" synStyle="4" dataStyle="2"/>
			<item name="dbo.AvoidCertainFoods" queryString="SELECT Id,No,ProductionMethodName as AvoidCertainFoodName,Spell FROM dbo.ufn_OP_ProductionMethods_TR('{0}')  WHERE IsStopped=0 AND Type =4 AND LastTimeStamp BETWEEN {1} AND {2}" synStyle="4" dataStyle="2"/>
			<item name="dbo.Tastes" queryString="SELECT Id,No, ProductionMethodName as TasteName,Spell FROM dbo.ufn_OP_ProductionMethods_TR('{0}') WHERE IsStopped=0 AND Type =2 AND LastTimeStamp BETWEEN {1} AND {2}" synStyle="4" dataStyle="2"/>
			<item name="dbo.ReturnSales" queryString="SELECT Id,No,Description,Spell FROM dbo.ufn_OP_ReturnSales_TR('{0}')  WHERE IsStopped=0 AND LastTimeStamp BETWEEN {1} AND {2}" synStyle="1" dataStyle="2"/>
			<item name="dbo.FoodDiscounts" queryString="SELECT Id,No,FoodDiscountName,Spell,BeginDate,EndDate,Description FROM ufn_OP_FoodDiscount_TR('{0}') WHERE  IsStopped=0 AND LastTimeStamp BETWEEN {1} AND {2}" synStyle="1" dataStyle="2"/>
			<item name="dbo.FoodDiscountSetting" queryString="SELECT a.Id,a.FoodDiscountId,FoodTypeId,Discount FROM dbo.OP_FoodDiscountSetting a  LEFT JOIN dbo.ufn_OP_FoodDiscount_TR('{0}') b ON a.FoodDiscountId=b.Id WHERE b.LastTimeStamp BETWEEN {1} AND {2}" synStyle="1" dataStyle="2"/>
			<item name="dbo.Foods" queryString="SELECT Id,FoodTypeId,No,FoodName,FoodNameEng,FoodNameOther,Spell,Specification,Price,Price2,Price3,Price4,Price5,Commission,ProcessTime,Description,IsCurrentPriceDishes,IsConsignment,IsDisableDiscount,IsBasis,IsStopped,FoodSmallPhoto,FoodLargePhoto,HasDefaultQuantity,IsNeedSubmit,OnTouchScreen,IsSpecial,ModifyQuantity4Submit,CostPrice,TiaoMa,Scores FROM dbo.ufn_OP_Foods_TR('{0}',{1},{2})" synStyle="4" dataStyle="2" largeTable="true"/>
			<item name="dbo.ProductionMethods4Food" queryString="SELECT Id,FoodId,ProductionMethodId FROM ufn_OP_ProductionMethods4Food_TR('{0}',{1},{2})" synStyle="4" dataStyle="2"/>
			<item name="dbo.Meal_Suits" queryString="SELECT Id,No,SuitName,SuitNameEng,SuitNameOther,Spell,NumberOfGuests,Price4OneGuest,Price,Price2,Price3,Price4,Price5,Description,IsDisableDiscount,IsStopped,IsNeedSubmit,OnTouchScreen,IsFixed,FoodsTotal,MaxFoodsTotal,Scores FROM ufn_OP_Suits_TR('{0}',{1},{2})" synStyle="4" dataStyle="4"/>
			<item name="dbo.Meal_SuitDetails" queryString="SELECT Id,SuitId,FoodId,Specification,Quantity,Price,SpecificationNo,Comment,IsServing,IsChangeBySuitQuantity,SortOrder FROM ufn_OP_SuitsDetails_TR('{0}',{1},{2})" synStyle="4" dataStyle="4"/>
			<item name="dbo.Employees" queryString="SELECT UCML_UserOID Id,CON_EMP_NUM No,PersonName EmployeeName, cast('87509CBB-04EE-4B45-805E-0CBEE62495A5' as Uniqueidentifier) AS DepartmentId,CASE WHEN Sex=1 THEN '男' ELSE '女' END AS Sex,CertifNO IdentityCard,Birthday,cast(CASE Status WHEN 0 THEN 1 WHEN 1 THEN 0 END as bit) as IsDimission FROM dbo.UCML_CONTACT a INNER JOIN dbo.UCML_Organize b ON a.UCML_OrganizeOID=b.UCML_OrganizeOID WHERE OrgNO='{0}' AND CAST(a.LastTimeStamp as bigint) BETWEEN {1} AND {2} " synStyle="1" dataStyle="1"/>
      <item name="dbo.EmployeeChangePost" queryString="SELECT UCML_CONTACTOID Id FROM UCML_CONTACT_ChagePostLog a LEFT JOIN dbo.UCML_Organize b ON a.UCML_OrganizeOID_Old=b.UCML_OrganizeOID WHERE a.UCML_OrganizeOID_Old!=a.UCML_OrganizeOID_New AND b.OrgNO='{0}' AND CAST(a.LastTimeStamp as bigint) BETWEEN {1} AND {2}" synStyle="1" dataStyle="1"/>
      <item name="dbo.CRM_Business" queryString="SELECT Id,No,BusinessName,Spell,Description FROM dbo.CR_Business WHERE cast(LastTimeStamp as bigint) BETWEEN {1} AND {2} " synStyle="1" dataStyle="1"/>
			<item name="dbo.CustomerTypes" queryString="SELECT Id,No,CustomerTypeName,Spell,Description FROM dbo.CR_CustomerTypes WHERE cast(LastTimeStamp as bigint) BETWEEN {1} AND {2} " synStyle="1" dataStyle="1"/>
			<item name="dbo.CustomerRanks" queryString="SELECT Id,No,CustomerRankName,Spell,Description FROM dbo.CR_CustomerRanks WHERE cast(LastTimeStamp as bigint) BETWEEN {1} AND {2} " synStyle="1" dataStyle="1"/>
			<item name="dbo.CRM_CustomerSource" queryString="SELECT Id,No,CustomerSourceName,Spell,Description FROM dbo.CR_CustomerSource WHERE cast(LastTimeStamp as bigint) BETWEEN {1} AND {2} " synStyle="1" dataStyle="1"/>
			<item name="dbo.SavingAdjustments" queryString="SELECT Id,No,SavingAdjustmentName,Spell,IsIncrement FROM dbo.CR_SavingAdjustments WHERE IsBuildIn=0 AND cast(LastTimeStamp as bigint) BETWEEN {1} AND {2} " synStyle="1" dataStyle="1"/>
			<item name="dbo.ScoreAdjustments" queryString="SELECT Id,No,ScoreAdjustmentName,Spell,IsIncrement FROM dbo.CR_ScoreAdjustments WHERE IsBuildIn=0 AND cast(LastTimeStamp as bigint) BETWEEN {1} AND {2} " synStyle="1" dataStyle="1"/>
			<item name="dbo.ScoreRules" queryString="SELECT Id,No,ScoreRuleName,Spell,Description FROM dbo.CR_ScoreRules WHERE BrandId =(SELECT Varchar1 from dbo.UCML_Organize WHERE OrgNO='{0}')  AND cast(LastTimeStamp as bigint) BETWEEN {1} AND {2} " synStyle="1" dataStyle="1"/>
			<item name="dbo.ScoreRuleSetting" queryString="SELECT a.Id,ScoreRuleId,PaymentMethodId,ConsumeTypeId,ScoreRate,IsByPaymentMethod,IsUseDiscountValue FROM dbo.CR_ScoreRuleSetting a LEFT JOIN dbo.CR_ScoreRules b ON a.ScoreRuleId=b.Id WHERE b.BrandId =(SELECT Varchar1 from dbo.UCML_Organize WHERE OrgNO='{0}')  and cast(b.LastTimeStamp as bigint) BETWEEN {1} AND {2} " synStyle="1" dataStyle="1"/>
			<item name="dbo.ClubCardTypes" queryString="SELECT a.Id,No,ClubCardTypeName,Spell,a.Description,FoodDiscountId=(select FoodDiscountId from dbo.CR_ClubCardTypes4Settings  where ClubCardTypeId=a.Id and BrandId=(SELECT Varchar1 from dbo.UCML_Organize WHERE OrgNO='{0}')),ScoreRuleId=(select ScoreRuleId from dbo.CR_ClubCardTypes4Settings  where ClubCardTypeId=a.Id and BrandId=(SELECT Varchar1 from dbo.UCML_Organize WHERE OrgNO='{0}')),ApplicableSuitPriceSpec=(select ApplicableSuitPriceSpec from dbo.CR_ClubCardTypes4Settings  where ClubCardTypeId=a.Id and BrandId=(SELECT Varchar1 from dbo.UCML_Organize WHERE OrgNO='{0}')) FROM dbo.CR_ClubCardTypes a LEFT JOIN dbo.CR_ClubCardTypes4OrgsV c ON a.Id=c.ClubCardTypeId WHERE (a.IsAllOrgs=1 OR c.OrgNO = '{0}' OR (IsAllOrgs4Brand=1 and c.BrandId=(SELECT Varchar1 from dbo.UCML_Organize WHERE OrgNO='{0}'))) AND cast(a.LastTimeStamp as bigint) BETWEEN {1} AND {2} " synStyle="1" dataStyle="1"/>
			<item name="dbo.ClubCardTypeUselimit" queryString="SELECT a.Id,a.ClubCardTypeId,a.IsLimite,a.Cycle,a.UseTimes FROM dbo.CR_ClubCardTypeUselimit a  LEFT JOIN dbo.CR_ClubCardTypes b  ON a.ClubCardTypeId=b.Id LEFT JOIN dbo.CR_ClubCardTypes4OrgsV c ON b.Id=c.ClubCardTypeId WHERE a.BrandId=(SELECT Varchar1 from dbo.UCML_Organize WHERE OrgNO='{0}') AND (b.IsAllOrgs=1  OR c.OrgNO = '{0}' OR (IsAllOrgs4Brand=1 and c.BrandId=(SELECT Varchar1 from dbo.UCML_Organize WHERE OrgNO='{0}'))) AND CAST(a.LastTimeStamp as bigint) BETWEEN {1} AND {2}" synStyle="1" dataStyle="1"/>
			<item name="dbo.ClubPriceSettings" queryString="SELECT a.Id,a.ClubCardTypeId,PriceType FROM dbo.CR_ClubPriceSettings a INNER JOIN dbo.CR_ClubCardTypes b ON a.ClubCardTypeId=b.Id LEFT JOIN dbo.CR_ClubCardTypes4OrgsV c ON a.ClubCardTypeId=c.ClubCardTypeId WHERE a.BrandId=(SELECT Varchar1 	from dbo.UCML_Organize WHERE OrgNO='{0}') AND (b.IsAllOrgs=1 OR c.OrgNO = '{0}'OR (IsAllOrgs4Brand=1 and c.BrandId=(SELECT Varchar1 from dbo.UCML_Organize WHERE OrgNO='{0}'))) AND cast(a.LastTimeStamp as bigint) BETWEEN {1} AND {2} " synStyle="1" dataStyle="1"/>
      <item name="dbo.Contracts" queryString="SELECT * FROM dbo.ufn_CR_Contracts_TR('{0}',{1},{2}) " module="4" synStyle="1" dataStyle="1"/>
      <item name="dbo.Companies" queryString="SELECT * FROM dbo.ufn_CR_Customers_TR('{0}',{1},{2})" module="4" synStyle="1" dataStyle="1" largeTable="true"/>
      <item name="dbo.Customers" queryString="SELECT * FROM dbo.ufn_CR_Contacts_TR('{0}',{1},{2})" module="4" synStyle="1" dataStyle="1" largeTable="true"/>
			<item name="dbo.ClubCards" queryString="SELECT * FROM dbo.ufn_CR_ClubCards_TR('{0}',{1},{2})" synStyle="1" dataStyle="1" largeTable="true"/>
			

      <item name="dbo.Meal_Promotion" queryString="SELECT    pv.ID ,pv.OP_PromotionOID ,pv.PromotionName,pv.PromotionSpell  ,pv.BrandId,pv.IsAllOrgs  ,pv.PromotionType,pv.ChargeType,pv.VolidDayNum
      ,pv.ValidBegin ,pv.ValidEnd,pv.CustomerType,pv.Status ,pv.Note ,pv.Comment FROM dbo.OP_Promotion4PublishedV AS pv LEFT JOIN  dbo.OP_Promotion4OrgsV b ON b.OP_PromotionOID = pv.OP_PromotionOID
  WHERE ( ( pv.IsAllOrgs = 1 AND pv.BrandId = ( SELECT  Varchar1 FROM    dbo.UCML_Organize WHERE   OrgNO = '{0}')) OR b.OrgNO = '{0}')
        AND CAST(pv.LastTimeStamp AS BIGINT) BETWEEN {1} AND {2}" synStyle="2" dataStyle="1"/>

			<item name="dbo.OP_Promotion4Contacts" queryString="SELECT  OP_Promotion4ContactsOID ,	a.OP_PromotionOID ,ContactId ,  
	ClubCardId  , 	ClubCardNo , 	a.Note FROM dbo.OP_Promotion4Contacts AS a LEFT JOIN dbo.OP_Promotion AS o ON a.OP_PromotionOID=o.OP_PromotionOID
LEFT JOIN dbo.OP_Promotion4OrgsV b ON b.OP_PromotionOID=o.OP_PromotionOID WHERE   o.ReleaseStatus=2 
AND ((IsAllOrgs =1 AND BrandId =(SELECT Varchar1 from dbo.UCML_Organize WHERE OrgNO='{0}')) OR b.OrgNO ='{0}')
AND  CAST(o.LastTimeStamp as bigint) BETWEEN {1} AND {2}" synStyle="2" dataStyle="1"/>
			<item name="dbo.OP_Promotion4Charge" queryString="SELECT OP_Promotion4ChargeOID ,a.OP_PromotionOID ,ChargeAmount ,a.Note 
FROM dbo.OP_Promotion4Charge AS  a LEFT JOIN dbo.OP_Promotion AS o ON a.OP_PromotionOID=o.OP_PromotionOID
LEFT JOIN dbo.OP_Promotion4OrgsV b ON b.OP_PromotionOID=o.OP_PromotionOID
WHERE   o.ReleaseStatus=2 AND ((IsAllOrgs =1 AND BrandId =(SELECT Varchar1 from dbo.UCML_Organize WHERE OrgNO='{0}')) OR b.OrgNO ='{0}')
AND  CAST(o.LastTimeStamp as bigint) BETWEEN {1} AND {2}" synStyle="2" dataStyle="1"/>
			<item name="dbo.OP_ProCharge4FoodType" queryString="select Id,	c.OP_Promotion4ChargeOID ,FoodTypeId,c.Note 
FROM dbo.OP_ProCharge4FoodType AS c LEFT JOIN  dbo.OP_Promotion4Charge AS pc ON c.OP_Promotion4ChargeOID=pc.OP_Promotion4ChargeOID
LEFT JOIN dbo.OP_Promotion AS o ON pc.OP_PromotionOID=o.OP_PromotionOID LEFT JOIN dbo.OP_Promotion4OrgsV b ON b.OP_PromotionOID=o.OP_PromotionOID
WHERE   o.ReleaseStatus=2 AND ((IsAllOrgs =1 AND BrandId =(SELECT Varchar1 from dbo.UCML_Organize WHERE OrgNO='{0}')) OR b.OrgNO ='{0}')
AND  CAST(o.LastTimeStamp as bigint) BETWEEN {1} AND {2}" synStyle="2" dataStyle="1"/>
			<item name="dbo.OP_ProCharge4Gifts" queryString="SELECT Id  ,c.OP_Promotion4ChargeOID,OP_GiftsOID ,Count ,Limituse ,
	c.Note FROM dbo.OP_ProCharge4Gifts AS c LEFT JOIN  dbo.OP_Promotion4Charge AS pc ON c.OP_Promotion4ChargeOID=pc.OP_Promotion4ChargeOID
LEFT JOIN dbo.OP_Promotion AS o ON pc.OP_PromotionOID=o.OP_PromotionOID LEFT JOIN dbo.OP_Promotion4OrgsV b ON b.OP_PromotionOID=o.OP_PromotionOID
WHERE   o.ReleaseStatus=2 AND ((IsAllOrgs =1 AND BrandId =(SELECT Varchar1 from dbo.UCML_Organize WHERE OrgNO='{0}')) OR b.OrgNO ='{0}')
AND  CAST(o.LastTimeStamp as bigint) BETWEEN {1} AND {2}" synStyle="2" dataStyle="1"/>
			<item name="dbo.OP_Promotion4Food" queryString="SELECT 	OP_Promotion4FoodOID ,	a.OP_PromotionOID ,FoodId ,Quantity ,a.Note 
FROM dbo.OP_Promotion4Food  AS a LEFT JOIN dbo.OP_Promotion AS o ON a.OP_PromotionOID=o.OP_PromotionOID
LEFT JOIN dbo.OP_Promotion4OrgsV b ON b.OP_PromotionOID=o.OP_PromotionOID WHERE   o.ReleaseStatus=2 
AND ((IsAllOrgs =1 AND BrandId =(SELECT Varchar1 from dbo.UCML_Organize WHERE OrgNO='{0}')) OR b.OrgNO ='{0}')
AND  CAST(o.LastTimeStamp as bigint) BETWEEN {1} AND {2}" synStyle="2" dataStyle="1"/>
			<item name="dbo.OP_ProFood4Gifts" queryString="SELECT 	Id ,c.OP_Promotion4FoodOID ,OP_GiftsOID, Count  , Limituse, 
	c.Note FROM dbo.OP_ProFood4Gifts AS c LEFT JOIN dbo.OP_Promotion4Food AS pc ON c.OP_Promotion4FoodOID=pc.OP_Promotion4FoodOID
LEFT JOIN dbo.OP_Promotion AS o ON pc.OP_PromotionOID=o.OP_PromotionOID LEFT JOIN dbo.OP_Promotion4OrgsV b ON b.OP_PromotionOID=o.OP_PromotionOID
WHERE   o.ReleaseStatus=2 AND ((IsAllOrgs =1 AND BrandId =(SELECT Varchar1 from dbo.UCML_Organize WHERE OrgNO='{0}')) OR b.OrgNO ='{0}')
AND  CAST(o.LastTimeStamp as bigint) BETWEEN {1} AND {2}" synStyle="2" dataStyle="1"/>
			<item name="dbo.OP_Promotion4Time" queryString="SELECT 	OP_Promotion4TimeOID ,a.OP_PromotionOID ,LimitCount ,TimeType , a.Note 
FROM dbo.OP_Promotion4Time   AS a LEFT JOIN dbo.OP_Promotion AS o ON a.OP_PromotionOID=o.OP_PromotionOID
LEFT JOIN dbo.OP_Promotion4OrgsV b ON b.OP_PromotionOID=o.OP_PromotionOID
WHERE   o.ReleaseStatus=2 AND ((IsAllOrgs =1 AND BrandId =(SELECT Varchar1 from dbo.UCML_Organize WHERE OrgNO='{0}')) OR b.OrgNO ='{0}')
AND  CAST(o.LastTimeStamp as bigint) BETWEEN {1} AND {2}" synStyle="2" dataStyle="1"/>
			<item name="dbo.OP_ProTime4Gifts" queryString="SELECT	Id  ,c.OP_Promotion4TimeOID,OP_GiftsOID ,Count  ,  
	Limituse , c.Note  FROM  dbo.OP_ProTime4Gifts AS c LEFT JOIN dbo.OP_Promotion4Time AS pc ON c.OP_Promotion4TimeOID=pc.OP_Promotion4TimeOID
LEFT JOIN dbo.OP_Promotion AS o ON pc.OP_PromotionOID=o.OP_PromotionOID LEFT JOIN dbo.OP_Promotion4OrgsV b ON b.OP_PromotionOID=o.OP_PromotionOID
WHERE   o.ReleaseStatus=2 AND ((IsAllOrgs =1 AND BrandId =(SELECT Varchar1 from dbo.UCML_Organize WHERE OrgNO='{0}')) OR b.OrgNO ='{0}')
AND  CAST(o.LastTimeStamp as bigint) BETWEEN {1} AND {2}" synStyle="2" dataStyle="1"/>
			<item name="dbo.OP_Promotion4Saving" queryString="SELECT OP_Promotion4SavingOID ,a.OP_PromotionOID ,AdjustmentValue ,GiftValue,
	a.Note FROM dbo.OP_Promotion4Saving    AS a LEFT JOIN dbo.OP_Promotion AS o ON a.OP_PromotionOID=o.OP_PromotionOID
LEFT JOIN dbo.OP_Promotion4OrgsV b ON b.OP_PromotionOID=o.OP_PromotionOID WHERE   o.ReleaseStatus=2 
AND ((IsAllOrgs =1 AND BrandId =(SELECT Varchar1 from dbo.UCML_Organize WHERE OrgNO='{0}')) OR b.OrgNO ='{0}')
AND  CAST(o.LastTimeStamp as bigint) BETWEEN {1} AND {2}" synStyle="2" dataStyle="1"/>
			<item name="dbo.OP_ProSaving4Gifts" queryString="SELECT Id  ,c.OP_Promotion4SavingOID,OP_GiftsOID ,Count  , 
	IsFristReCharge , c.Note  from dbo.OP_ProSaving4Gifts AS c LEFT JOIN dbo.OP_Promotion4Saving AS pc ON c.OP_Promotion4SavingOID=pc.OP_Promotion4SavingOID LEFT JOIN dbo.OP_Promotion AS o ON pc.OP_PromotionOID=o.OP_PromotionOID
LEFT JOIN dbo.OP_Promotion4OrgsV b ON b.OP_PromotionOID=o.OP_PromotionOID
WHERE   o.ReleaseStatus=2 AND ((IsAllOrgs =1 AND BrandId =(SELECT Varchar1 from dbo.UCML_Organize WHERE OrgNO='{0}')) OR b.OrgNO ='{0}')
AND  CAST(o.LastTimeStamp as bigint) BETWEEN {1} AND {2}" synStyle="2" dataStyle="1"/>


<item name="dbo.OP_Gifts" queryString="SELECT OP_GiftsOID,BrandId,GiftsNo,GiftsName,GiftsSpell,GiftsType,UseLimitMoney,ValidityDateType,ValidityDate4Begin,ValidityDate4End,&#xA;ValidityDate4DayNumber,UseDayType,UseWeekDay,UseMonthDay,IsUseTime,TimeBegin1,TimeEnd1,TimeBegin2,TimeEnd2,TimeBegin3,TimeEnd3,TimeBegin4,TimeEnd4,CreateTime,OperatorId,Note,Comment,IsOrgDownloaded   ,DownloadTime FROM dbo.OP_Gifts WHERE verifiedstatus =1 AND(  BrandId = ( SELECT  Varchar1 FROM dbo.UCML_Organize WHERE   OrgNO = '{0}'  ))AND CAST(LastTimeStamp AS BIGINT) BETWEEN {1} AND {2}" synStyle="1" dataStyle="1"/>
			<item name="dbo.OP_Gifts4Coupon" queryString="SELECT OP_Gifts4CouponOID,o.OP_GiftsOID,Money4Coupon,o.Comment,o.IsOrgDownloaded ,o.DownloadTime FROM dbo.OP_Gifts4Coupon AS a LEFT JOIN dbo.op_gifts AS o ON o.OP_GiftsOID=a.OP_GiftsOID WHERE  verifiedstatus =1 AND  BrandId = ( SELECT  Varchar1 FROM dbo.UCML_Organize WHERE   OrgNO = '{0}'  )   AND CAST(o.LastTimeStamp AS BIGINT) BETWEEN {1} AND {2}" synStyle="1" dataStyle="1"/>
			<item name="dbo.OP_Gifts4Discounts" queryString="SELECT OP_Gifts4DiscountsOID,a.OP_GiftsOID,FoodDiscountsId,a.Comment,a.IsOrgDownloaded
  ,a.DownloadTime   FROM dbo.OP_Gifts4Discounts AS a LEFT JOIN dbo.op_gifts AS o ON o.OP_GiftsOID=a.OP_GiftsOID 
  WHERE verifiedstatus =1   AND o.BrandId = ( SELECT Varchar1 FROM dbo.UCML_Organize WHERE OrgNO = '{0}' )  AND CAST(o.LastTimeStamp AS BIGINT) BETWEEN {1} AND {2}" synStyle="1" dataStyle="1"/>
			<item name="dbo.OP_Gifts4Food" queryString="SELECT OP_Gifts4FoodOID,a.OP_GiftsOID,a.Comment,a.IsOrgDownloaded,a.DownloadTime FROM dbo.OP_Gifts4Food AS a LEFT JOIN dbo.op_gifts AS o ON o.OP_GiftsOID=a.OP_GiftsOID&#xA;WHERE  verifiedstatus =1 AND  BrandId = ( SELECT  Varchar1 FROM dbo.UCML_Organize WHERE   OrgNO = '{0}'  )  AND CAST(o.LastTimeStamp AS BIGINT) BETWEEN {1} AND {2}&#xA;" synStyle="1" dataStyle="1"/>
			<item name="dbo.OP_Gifts4FoodDetails" queryString=" SELECT a.OP_Gifts4FoodDetailsOID , a.OP_Gifts4FoodOID, a.IsFoodOrSuit, a.FoodId,a.Price,a.Price2
  ,a.Price3, a.Price4, a.Price5, a.Comment, a.IsOrgDownloaded, a.DownloadTime   FROM dbo.OP_Gifts4FoodDetails AS a
  LEFT JOIN dbo.OP_Gifts4Food AS gf ON a.OP_Gifts4FoodOID=gf.OP_Gifts4FoodOID   LEFT JOIN dbo.OP_Gifts AS o ON o.OP_GiftsOID=gf.OP_GiftsOID   WHERE o.verifiedstatus =1 
  AND o.BrandId = ( SELECT Varchar1 FROM dbo.UCML_Organize WHERE OrgNO = '{0}')  AND CAST(o.LastTimeStamp AS BIGINT) BETWEEN {1} AND {2}" synStyle="1" dataStyle="1"/>
			<item name="dbo.OP_Gifts4Present" queryString="SELECT  OP_Gifts4PresentOID,a.OP_GiftsOID,PresentCount,a.Comment,a.IsOrgDownloaded,a.DownloadTime FROM dbo.OP_Gifts4Present AS a LEFT JOIN dbo.op_gifts AS o ON o.OP_GiftsOID=a.OP_GiftsOID WHERE  verifiedstatus =1 AND BrandId = ( SELECT  Varchar1 FROM dbo.UCML_Organize WHERE   OrgNO = '{0}'  ) AND CAST(o.LastTimeStamp AS BIGINT) BETWEEN {1} AND {2}" synStyle="1" dataStyle="1"/>
			<item name="dbo.OP_Gifts4PresentDetails" queryString=" SELECT o.OP_Gifts4PresentDetailsOID , o.OP_Gifts4PresentOID,o.IsFoodOrSuit ,o.FoodId 
  ,o.Quantity ,o.IsMustSelect ,o.Comment ,o.IsOrgDownloaded,o.DownloadTime   FROM dbo.OP_Gifts4PresentDetails AS o
  LEFT JOIN dbo.OP_Gifts4Present AS p ON o.OP_Gifts4PresentOID=p.OP_Gifts4PresentOID   LEFT JOIN dbo.op_gifts AS g ON p.OP_GiftsOID=g.OP_GiftsOID   WHERE g.verifiedstatus =1 
  AND g.BrandId = ( SELECT Varchar1 FROM dbo.UCML_Organize WHERE OrgNO = '{0}')
  AND CAST(g.LastTimeStamp AS BIGINT) BETWEEN {1} AND {2}" synStyle="1" dataStyle="1"/>
			<item name="dbo.OP_Gifts4Score" queryString="SELECT  OP_Gifts4ScoreOID,a.OP_GiftsOID,Score,a.Comment,a.IsOrgDownloaded,a.DownloadTime FROM dbo.OP_Gifts4Score AS a LEFT JOIN dbo.op_gifts AS o ON o.OP_GiftsOID=a.OP_GiftsOID&#xA;WHERE  verifiedstatus =1 AND BrandId = ( SELECT  Varchar1 FROM dbo.UCML_Organize WHERE   OrgNO = '{0}'  ) AND CAST(o.LastTimeStamp AS BIGINT) BETWEEN {1} AND {2}" synStyle="1" dataStyle="1"/>

	<item name="dbo.HotelEnvironmentSettings" queryString="SELECT * FROM dbo.EnvironmentSettings WHERE ParamCode ='Version4Dog'" synStyle="1" dataStyle="1"/>


		</atom>
	</atoms>
	<newAtoms>
		<newAtom>
			<item name="Meal.History_Bills" queryString="SELECT Id, No, BusinessDate, BusinessHourId, CompanyId, MealCompanyName, CustomerId, MealCustomerName, ClubCardTypeId, ClubCardNo, SalesManageId, VolumeOfConsumption, GratisValue, Charge4Room, ChargeLimit, ServiceCharge, OvertimePremium, DiscountCategory, DiscountValue, DiscountApproverId, DerateValue, DerateApproverId, DerationId, Oddment, PayAmount, IsCheckedOut, IsInvoiced, InvoiceNo, InvoiceAmount, IsCloseOut, PayDatetime, PrintedTimes, OperatorId FROM Meal.History_Bills WHERE BusinessDate='{0}'" queryStringExt="SELECT Id,BranchNo,BusinessDate,Version FROM Meal.History_Bills4Center"/>
		</newAtom>
	</newAtoms>
	<TransAtoms>
		<Atom name="DsMealBill" SerializeClass="DataSynchronismCenterBLL.Meal_BillsDataBox" >
			<item name="Meal_bills" queryString="select * from dbo.Meal_ufnGetBills4Up('{0}')"/>
			<item name="Meal_ArrangedTables" queryString="select * from dbo.Meal_ufnGetArrangedTables4Up('{0}')"/>
			<item name="Meal_Meal_CaptainsOrders" queryString="select * from dbo.Meal_ufnGetMeal_CaptainsOrders4Up('{0}')"/>
			<item name="Meal_Meal_CaptainsOrders4Suits" queryString="select * from dbo.Meal_ufnGetMeal_CaptainsOrders4SuitsBills4Up('{0}')"/>
			<item name="Meal_OrderFoods" queryString="select * from dbo.Meal_ufnGetOrderFoods4Up('{0}')"/>
			<item name="Meal_PaymentList" queryString="select * from dbo.Meal_ufnGetPaymentList4Up('{0}')"/>
		</Atom>
		<Atom name="DsMealReversedBill" SerializeClass="DataSynchronismCenterBLL.Meal_BillsReversedDataBox">
			<item name="Meal_ReversedBills" queryString="select * from dbo.Meal_ufnGetReversedBills4Up('{0}')"/>
			<item name="Meal_ReversedArrangedTables" queryString="select * from dbo.Meal_ufnGetReversedArrangedTables4Up('{0}',{1})"/>
			<item name="Meal_ReversedCaptainsOrders" queryString="select * from dbo.Meal_ufnGetReversedCaptainsOrders4Up('{0}',{1})"/>
			<item name="Meal_ReversedCaptainsOrders4Suits" queryString="select * from dbo.Meal_ufnGetReversedCaptainsOrders4Suits4Up('{0}',{1})"/>
			<item name="Meal_ReversedOrderFoods" queryString="select * from dbo.Meal_ufnGetReversedOrderFoods4Up('{0}',{1})"/>
			<item name="Meal_ReversedPaymentList" queryString="select * from dbo.Meal_ufnGetReversedPaymentList4Up('{0}',{1})"/>
		</Atom>
		<Atom name="Meal_DerateCollections" SerializeClass="DataSynchronismCenterBLL.Meal_DerateCollectionsDataBox">
			<item name="Meal_DerateCollections" queryString="select * from dbo.Meal_ufnGetDerateCollections('{0}')"/>
		</Atom>
		<Atom name="Meal_FoodSaleCollections" SerializeClass="DataSynchronismCenterBLL.Meal_FoodSaleCollectionsDataBox">
			<item name="Meal_FoodSaleCollections" queryString="SELECT * from dbo.Meal_ufnGetFoodSaleCollections('{0}')"/>
		</Atom>
		<Atom name="Meal_FoodTypeSaleCollections" SerializeClass="DataSynchronismCenterBLL.Meal_FoodTypeSaleCollectionsDataBox">
			<item name="Meal_FoodTypeSaleCollections" queryString="SELECT * FROM dbo.Meal_ufnGetFoodTypeSaleCollections('{0}')"/>
		</Atom>
		<Atom name="Meal_PaymentCollections" SerializeClass="DataSynchronismCenterBLL.Meal_PaymentCollectionsDataBox">
			<item name="Meal_PaymentCollections" queryString="SELECT * FROM dbo.Meal_ufnGetPaymentCollections('{0}')"/>
		</Atom>
		<Atom name="Meal_SpeFoodSaleCollections" SerializeClass="DataSynchronismCenterBLL.Meal_SpeFoodSaleCollectionsDataBox">
			<item name="Meal_SpeFoodSaleCollections" queryString=" SELECT * FROM dbo.Meal_ufnGetSpeFoodSaleCollections('{0}')"/>
		</Atom>
		<Atom name="Meal_SundryCollections" SerializeClass="DataSynchronismCenterBLL.Meal_SundryCollectionsDataBox">
			<item name="Meal_SundryCollections" queryString="SELECT * FROM dbo.Meal_ufnGetSundryCollections('{0}')"/>
		</Atom>
		<Atom name="Meal_TableStatus" alias="桌位状态" SerializeClass="DataSynchronismCenterBLL.Meal_TableStatusDataBox">
			<item name="Meal_TableStatus" queryString="select * from dbo.Meal_ufnDiningTables4Center('{0}',{1})"/>
		</Atom>

		<Atom name="dbo.HotelEnvironmentSettings" alias="IMS版本" SerializeClass="DataSynchronism.QueryIMSVerionDataBox"/>
		<Atom name="dbo.BusinessHours" alias="营业时段" SerializeClass="DataSynchronism.BusinessHoursDataBox"/>
		<Atom name="dbo.Derations" alias="减免原因" SerializeClass="DataSynchronism.DerationsDataBox"/>
		<Atom name="dbo.FoodDiscounts" alias="菜例折扣原因" SerializeClass="DataSynchronism.FoodDiscountsDataBox"/>
		<Atom name="dbo.FoodDiscountSetting" alias="折扣设置" SerializeClass="DataSynchronism.FoodDiscountSettingDataBox"/>
		<Atom name="dbo.Foods" alias="菜例" SerializeClass="DataSynchronism.FoodsDataBox"/>
		<Atom name="dbo.ProductionMethods4Food" alias="菜例做法" SerializeClass="DataSynchronism.ProductionMethods4FoodDataBox"/>
		<Atom name="dbo.FoodTypes" alias="菜例类别" SerializeClass="DataSynchronism.FoodTypesDataBox"/>
		<Atom name="dbo.PaymentMethods" alias="付款方式" SerializeClass="DataSynchronism.PaymentMethodsDataBox"/>
		<Atom name="dbo.ProductionMethods" alias="做法" SerializeClass="DataSynchronism.ProductionMethodsDataBox"/>
		<Atom name="dbo.ReturnSales" alias="退菜原因" SerializeClass="DataSynchronism.ReturnSalesDataBox"/>
		<Atom name="dbo.Meal_Suits" alias="套餐" SerializeClass="DataSynchronism.Meal_SuitsDataBox"/>
		<Atom name="dbo.Meal_SuitDetails" alias="套餐明细" SerializeClass="DataSynchronism.Meal_SuitDetailsDataBox"/>
		<Atom name="dbo.Employees" alias="操作员" SerializeClass="DataSynchronism.EmployeesDataBox"/>
    <Atom name="dbo.EmployeeChangePost" alias="操作员换岗" SerializeClass="DataSynchronism.EmployeeChangePostDataBox"/>
    <Atom name="dbo.CRM_Business" alias="行业" SerializeClass="DataSynchronism.CRM_BusinessDataBox"/>
		<Atom name="dbo.SavingAdjustments" alias="储值原因" SerializeClass="DataSynchronism.SavingAdjustmentsDataBox"/>
		<Atom name="dbo.ScoreAdjustments" alias="积分原因" SerializeClass="DataSynchronism.ScoreAdjustmentsDataBox"/>
		<Atom name="dbo.ScoreRules" alias="积分规则" SerializeClass="DataSynchronism.ScoreRulesDataBox"/>
		<Atom name="dbo.ScoreRuleSetting" alias="积分规则明细" SerializeClass="DataSynchronism.ScoreRuleSettingDataBox"/>
		<Atom name="dbo.CustomerTypes" alias="客户类别" SerializeClass="DataSynchronism.CustomerTypesDataBox"/>
		<Atom name="dbo.CustomerRanks" alias="客户等级" SerializeClass="DataSynchronism.CustomerRanksDataBox"/>
		<Atom name="dbo.CRM_CustomerSource" alias="客户来源" SerializeClass="DataSynchronism.CRM_CustomerSourceDataBox"/>
		<Atom name="dbo.ClubCardTypes" alias="会员卡类别" SerializeClass="DataSynchronism.ClubCardTypesDataBox"/>
		<Atom name="dbo.ClubPriceSettings" alias="会员价设置" SerializeClass="DataSynchronism.ClubPriceSettingsDataBox"/>
		<Atom name="dbo.ClubCardTypeUselimit" alias="" SerializeClass="DataSynchronism.ClubCardTypeUselimitDataBox"/>
		<Atom name="dbo.Companies" alias="单位" SerializeClass="DataSynchronism.CompaniesDataBox"/>
		<Atom name="dbo.Contracts" alias="联系人" SerializeClass="DataSynchronism.ContractsDataBox"/>
		<Atom name="dbo.Customers" alias="客户" SerializeClass="DataSynchronism.CustomersDataBox"/>
		<Atom name="dbo.ClubCards" alias="会员卡" SerializeClass="DataSynchronism.ClubCardsDataBox"/>
		<Atom name="dbo.CRM_ClubCardSavingLogs" alias="" SerializeClass="DataSynchronism.CRM_ClubCardSavingLogsDataBox"/>
		<Atom name="dbo.CRM_ScoreAdjustLogs" alias="" SerializeClass="DataSynchronism.CRM_ScoreAdjustLogsDataBox"/>
		<Atom name="dbo.AvoidCertainFoods" alias="忌口" SerializeClass="DataSynchronism.AvoidCertainFoodsDataBox"/>
		<Atom name="dbo.Tastes" alias="口味" SerializeClass="DataSynchronism.TastesDataBox"/>
		
    
		<Atom name="dbo.OP_Gifts" alias="礼包信息" SerializeClass="DataSynchronism.OPGiftsDataBox"/>
		<Atom name="dbo.OP_Gifts4Coupon" alias="礼包优惠券" SerializeClass="DataSynchronism.OPGifts4CouponDataBox"/>
		<Atom name="dbo.OP_Gifts4Discounts" alias="礼包折扣" SerializeClass="DataSynchronism.OPGifts4DiscountsDataBox"/>
		<Atom name="dbo.OP_Gifts4Food" alias="礼包特价菜" SerializeClass="DataSynchronism.OPGifts4FoodDataBox"/>
		<Atom name="dbo.OP_Gifts4FoodDetails" alias="礼包特价菜明细" SerializeClass="DataSynchronism.OPGifts4FoodDetailsDataBox"/>
		<Atom name="dbo.OP_Gifts4Present" alias="礼包赠菜" SerializeClass="DataSynchronism.OPGifts4PresentDataBox"/>
		<Atom name="dbo.OP_Gifts4PresentDetails" alias="礼包赠菜明细" SerializeClass="DataSynchronism.OPGifts4PresentDetailsDataBox"/>
		<Atom name="dbo.OP_Gifts4Score" alias="礼包积分" SerializeClass="DataSynchronism.OPGifts4ScoreDataBox"/>

		<Atom name="dbo.Meal_Promotion" alias="营销活动" SerializeClass="DataSynchronism.OPPromotionDataBox"/>
		<Atom name="dbo.OP_Promotion4Contacts" alias="营销活动选择客户" SerializeClass="DataSynchronism.OPPromotion4ContactsDataBox"/>
		<Atom name="dbo.OP_Promotion4Charge" alias="营销活动消费有礼" SerializeClass="DataSynchronism.OPPromotion4ChargeDataBox"/>
		<Atom name="dbo.OP_ProCharge4FoodType" alias="营销活动消费有礼对应菜类" SerializeClass="DataSynchronism.OPProCharge4FoodTypeDataBox"/>
		<Atom name="dbo.OP_ProCharge4Gifts" alias="消费有礼对应礼包" SerializeClass="DataSynchronism.OPProCharge4GiftsDataBox"/>
		<Atom name="dbo.OP_Promotion4Food" alias="消费有礼指定菜例" SerializeClass="DataSynchronism.OPPromotion4FoodDataBox"/>
		<Atom name="dbo.OP_ProFood4Gifts" alias="消费指定菜例赠送礼包" SerializeClass="DataSynchronism.OPProFood4GiftsDataBox"/>
		<Atom name="dbo.OP_Promotion4Time" alias="先到先得" SerializeClass="DataSynchronism.OPPromotion4TimeDataBox"/>
		<Atom name="dbo.OP_ProTime4Gifts" alias="先到先得礼包" SerializeClass="DataSynchronism.OPProTime4GiftsDataBox"/>
		<Atom name="dbo.OP_Promotion4Saving" alias="充值有礼" SerializeClass="DataSynchronism.OPPromotion4SavingDataBox"/>
		<Atom name="dbo.OP_ProSaving4Gifts" alias="充值获得的礼包" SerializeClass="DataSynchronism.OPProSaving4GiftsDataBox"/>

		<Atom name="AccountAdjustment" alias="在线会员卡和签单" SerializeClass="DataSynchronismCenterBLL.AccountAdjustmentDataBox">
			<item name="ClubCardAndPW" queryString=""/>
			<item name="CRM_ClubCardSavingLogs" queryString=""/>
			<item name="CRM_ScoreAdjustLogs" queryString=""/>
			<item name="CRM_OnTicks" queryString=""/>
		</Atom>
		<Atom name="OpenClubCard" alias="在线会员卡开卡" SerializeClass="DataSynchronismCenterBLL.OpenClubCardDataBox">
			<item name="Customers" queryString=""/>
			<item name="ClubCards" queryString=""/>
			<item name="CRM_ClubCardSavingLogs" queryString=""/>
			<item name="CRM_ScoreAdjustLogs" queryString=""/>
		</Atom>
		<Atom name="ReturnClubCard" alias="在线会员卡复位" SerializeClass="DataSynchronismCenterBLL.ReturnClubCardDataBox">
			<item name="ClubCards" queryString=""/>
		</Atom>
		<Atom name="ChangeClubCardPW" alias="在线会员卡改密" SerializeClass="DataSynchronismCenterBLL.ChangeClubCardPWDataBox"/>
		<Atom name="StopClubCard" alias="在线停用" SerializeClass="DataSynchronismCenterBLL.StopClubCardDataBox">
			<item name="ClubCards" queryString=""/>
		</Atom>
		<Atom name="QueryClubCardInfo" alias="在线会员卡查询" SerializeClass="DataSynchronismCenterBLL.QueryClubCardInfoDataBox">
			<item name="ClubCards" queryString="SELECT   Id, ClubCardTypeId, No, OwnerId, Password, IsScore, IsSaving, EnableOverdraft, LineOfCredit, OpenAmount, ReleaseDatetime, OpenPayAmount, ReleaseAddress, ReleaseReason, ValidDate, Status, Score, Balance FROM  dbo.ufn_CR_QueryClubCards('{0}', '{1}') "/>
			<item name="Customers" queryString="SELECT * FROM dbo.ufn_CR_QueryCustomers ('{0}','{1}')"/>
			<item name="Companies" queryString="SELECT * FROM dbo.ufn_CR_QueryCompanies ('{0}','{1}')"/>
		</Atom>
		<Atom name="QueryOntickInfo" alias="在线签单查询" SerializeClass="DataSynchronismCenterBLL.QueryOntickInfoDataBox">
			<item name="CRM_OnTicks" queryString="SELECT * FROM dbo.ufn_CR_QueryOntickInfo ('{0}' ,'{1}')"/>
		</Atom>
		<Atom name="QueryClubCardFirstMoney" alias="在线查询会员卡储值" SerializeClass="DataSynchronismCenterBLL.QueryClubCardFirstMoneyDataBox">
			<item name="QueryClubCardFirstMoney" queryString="SELECT * FROM dbo.CR_ClubCardSavingLogs WHERE clubcardno= '{0}' "/>
		</Atom>
	<Atom name="GetCustomerGiftByClubCardId" alias="在线会员卡礼包" SerializeClass="DataSynchronismCenterBLL.GetCustomerGiftByClubCardIdDataBox">
			<item name="CustomerGifts" queryString="SELECT  ID  ,OP_PromotionOID  ,ChargeId,ClubcardId,CustomerId,GiftId ,GiftsType,LimitUse,
      SendBillId  ,SendTime  ,SendOperatorId  ,ValidityDate4Begin  ,ValidityDate4End ,GiftsStatus  ,UseBillId  ,UseDatetime,UseOperatorId 
       FROM dbo.ufn_OP_ContactsGiftsList('{0}', '{1}') "/>
		</Atom>
<Atom name="UpCustomerGift" alias="在线客户礼包上传" SerializeClass="DataSynchronismCenterBLL.UpCustomerGiftDataBox">
			<item name="UpCustomerGift" queryString=""/>
		</Atom>
<Atom name="QueryClubCardLimit" alias="在线会员卡使用限制查询" SerializeClass="DataSynchronismCenterBLL.QueryClubCardLimitDataBox">
			<item name="ClubCardLimit" queryString="SELECT  a.CR_ClubCardLimitOID,a.brandid,isallorgs,CardLeastBalance4CheckOut,CardLeastBalance4Score,MostAmount4ScoreChangeCash
FROM    dbo.CR_ClubCardsLimit AS a        LEFT JOIN dbo.CR_ClubCardsLimit4OrgsV AS b ON a.CR_ClubCardLimitOID = b.CR_ClubCardLimitOID WHERE   ( ( IsAllOrgs = 1  AND BrandId = ( SELECT  Varchar1
                            FROM    dbo.UCML_Organize   WHERE   OrgNO = '{0}') ) OR b .OrgNO = '{0}'        ) "/>
		</Atom>
    <Atom name="ImportApplet" alias="VC" SerializeClass="DataSynchronismCenterBLL.ImportAppletDataBox">
      <item name="Applet" queryString="SELECT * FROM Applet"/>
    </Atom>
    <Atom name="ImportAppletButton" alias="VC按钮" SerializeClass="DataSynchronismCenterBLL.ImportAppletButtonDataBox">
      <item name="Applet" queryString="SELECT * FROM AppletButton"/>
    </Atom>
    <Atom name="ImportAppletColumn" alias="VC列" SerializeClass="DataSynchronismCenterBLL.ImportAppletColumnDataBox">
      <item name="Applet" queryString="SELECT * FROM AppletColumn"/>
    </Atom>
    <Atom name="ImportBusiCompLink" alias="BC和BPO对应关系" SerializeClass="DataSynchronismCenterBLL.ImportBusiCompLinkDataBox">
      <item name="Applet" queryString="SELECT * FROM BusiCompLink"/>
    </Atom>
    <Atom name="ImportBusinessList" alias="所有菜单" SerializeClass="DataSynchronismCenterBLL.ImportBusinessListDataBox">
      <item name="Applet" queryString="SELECT * FROM BusinessList"/>
    </Atom>
    <Atom name="ImportBusinessTable" alias="BC" SerializeClass="DataSynchronismCenterBLL.ImportBusinessTableDataBox">
      <item name="Applet" queryString="SELECT * FROM BusinessTable"/>
    </Atom>
    <Atom name="ImportBusiPortalMenu" alias="二级以下菜单" SerializeClass="DataSynchronismCenterBLL.ImportBusiPortalMenuDataBox">
      <item name="Applet" queryString="SELECT * FROM BusiPortalMenu"/>
    </Atom>
    <Atom name="ImportBusiViewCompLink" alias="VC和BPO对应关系" SerializeClass="DataSynchronismCenterBLL.ImportBusiViewCompLinkDataBox">
      <item name="Applet" queryString="SELECT * FROM BusiViewCompLink"/>
    </Atom>
    <Atom name="ImportUCMLClass" alias="表和BPO" SerializeClass="DataSynchronismCenterBLL.ImportUCMLClassDataBox">
      <item name="Applet" queryString="SELECT * FROM UCMLClass"/>
    </Atom>
    <Atom name="ImportUCMLPortal" alias="一级菜单" SerializeClass="DataSynchronismCenterBLL.ImportUCMLPortalDataBox">
      <item name="Applet" queryString="SELECT * FROM UCMLPortal"/>
    </Atom>
    
    <Atom name="LocalImportApplet" alias="VC" SerializeClass="DataSynchronism.ImportAppletDataBox"/>
    <Atom name="LocalImportAppletButton" alias="VC按钮" SerializeClass="DataSynchronism.ImportAppletButtonDataBox"/>
    <Atom name="LocalImportAppletColumn" alias="VC列" SerializeClass="DataSynchronism.ImportAppletColumnDataBox"/>
    <Atom name="LocalImportBusiCompLink" alias="BC和BPO对应关系" SerializeClass="DataSynchronism.ImportBusiCompLinkDataBox"/>
    <Atom name="LocalImportBusinessList" alias="所有菜单" SerializeClass="DataSynchronism.ImportBusinessListDataBox"/>
    <Atom name="LocalImportBusinessTable" alias="BC" SerializeClass="DataSynchronism.ImportBusinessTableDataBox"/>
    <Atom name="LocalImportBusiPortalMenu" alias="二级以下菜单" SerializeClass="DataSynchronism.ImportBusiPortalMenuDataBox"/>
    <Atom name="LocalImportBusiViewCompLink" alias="VC和BPO对应关系" SerializeClass="DataSynchronism.ImportBusiViewCompLinkDataBox"/>
    <Atom name="LocalImportUCMLClass" alias="表和BPO" SerializeClass="DataSynchronism.ImportUCMLClassDataBox"/>
    <Atom name="LocalImportUCMLPortal" alias="一级菜单" SerializeClass="DataSynchronism.ImportUCMLPortalDataBox"/>


  </TransAtoms>
</dataExprotOrImport>
